ID,Keyword,Podcast Name,Episode Title,Audio URL
apple_492363a5,tâm lý học,Amateur Psychology - Tay mơ học đời bằng Tâm lý học,5 lầm tưởng về việc học tiến sĩ,https://anchor.fm/s/31c96068/podcast/play/117282536/https%3A%2F%2Fd3ctxlq1ktw2nl.cloudfront.net%2Fstaging%2F2026-2-21%2F420506046-44100-2-ecf9322d23293.mp3
apple_d10edf8a,tâm lý học,Amateur Psychology - Tay mơ học đời bằng Tâm lý học,"Kinh nghiệm tìm học bổng tiến sĩ ở UK: website, visa và nội dung chương trình PhD",https://anchor.fm/s/31c96068/podcast/play/116120128/https%3A%2F%2Fd3ctxlq1ktw2nl.cloudfront.net%2Fstaging%2F2026-1-27%2F418923778-44100-2-e6438ceab916c.mp3
apple_e4591e77,tâm lý học,Amateur Psychology - Tay mơ học đời bằng Tâm lý học,#100: Freedom - Bàn về tự do từ một người trẻ trong thế giới hiện đại,https://anchor.fm/s/31c96068/podcast/play/112958038/https%3A%2F%2Fd3ctxlq1ktw2nl.cloudfront.net%2Fstaging%2F2025-11-21%2F3e5f8f8f-97f0-2d4b-3c13-1d71c43be245.mp3
apple_e95f370d,tâm lý học,Amateur Psychology - Tay mơ học đời bằng Tâm lý học,#99: Fight in Love - Bàn về cách cãi nhau lành mạnh khi yêu,https://anchor.fm/s/31c96068/podcast/play/112541845/https%3A%2F%2Fd3ctxlq1ktw2nl.cloudfront.net%2Fstaging%2F2025-11-12%2Fef96962e-fdfc-5590-5a18-0d70ef508204.mp3
apple_c0102cc8,tâm lý học,Amateur Psychology - Tay mơ học đời bằng Tâm lý học,#98: Attachment - Mối gắn kết và cách chúng ta yêu,https://anchor.fm/s/31c96068/podcast/play/109880230/https%3A%2F%2Fd3ctxlq1ktw2nl.cloudfront.net%2Fstaging%2F2025-9-19%2F7d76b7cb-9e0a-5771-9408-80a05aeb0ff6.mp3
apple_38648268,tâm lý học,Tâm lý học và Tôi,Inside PsyMe - Tập 6 | Nhật Huy: Coi sở thích như nhạc cụ và tạo nên bản hòa âm của mình,https://anchor.fm/s/e6962bd4/podcast/play/117111754/https%3A%2F%2Fd3ctxlq1ktw2nl.cloudfront.net%2Fstaging%2F2026-2-18%2F777a017e-2a75-ca56-6806-afb97073d732.mp3
apple_5419e3d5,tâm lý học,Tâm lý học và Tôi,Inside PsyMe - Tập 5 | Thanh Vân: Học Tâm lý là hành trình hiểu mình thay vì chữa người,https://anchor.fm/s/e6962bd4/podcast/play/116119819/https%3A%2F%2Fd3ctxlq1ktw2nl.cloudfront.net%2Fstaging%2F2026-1-27%2F764ac597-a799-1b6d-5b7f-2ad8031ca5a0.mp3
apple_4fc24568,tâm lý học,Tâm lý học và Tôi,Điều tôi học được từ những đứa trẻ trưởng thành quá sớm | ĐTHĐ #5,https://anchor.fm/s/e6962bd4/podcast/play/115828718/https%3A%2F%2Fd3ctxlq1ktw2nl.cloudfront.net%2Fstaging%2F2026-1-21%2F16a06454-8e84-066f-4399-7aa19e67a9fc.mp3
apple_5b67451c,tâm lý học,Tâm lý học và Tôi,✈️ Đi Mỹ học Tiến sĩ Tâm lý - Chuyện của Khoa Lê | PsyAbroad - Tập 4 |,https://anchor.fm/s/e6962bd4/podcast/play/115828616/https%3A%2F%2Fd3ctxlq1ktw2nl.cloudfront.net%2Fstaging%2F2026-1-21%2F56237c96-0063-3401-e6e9-65c0ef57976f.mp3
apple_1fad521d,tâm lý học,Tâm lý học và Tôi,11. Tại sao mình loay hoay cả ngày mà chẳng xong việc vậy nhỉ? | PsyRead ,https://anchor.fm/s/e6962bd4/podcast/play/115828541/https%3A%2F%2Fd3ctxlq1ktw2nl.cloudfront.net%2Fstaging%2F2026-1-21%2Fa828767d-f55c-c6ba-3875-2c1f7c15e592.mp3
apple_6a1dacdf,tâm lý học,Tâm Lý Học Tội Phạm - Phác Họa Chân Dung Kẻ Phạm Tội,Tâm lí học tội phạm phần 6,https://anchor.fm/s/10627e938/podcast/play/104119356/https%3A%2F%2Fd3ctxlq1ktw2nl.cloudfront.net%2Fstaging%2F2025-5-14%2Fa8b0e4b8-51c1-2092-9c30-9284029050ca.mp3
apple_866acbd5,tâm lý học,Tâm Lý Học Tội Phạm - Phác Họa Chân Dung Kẻ Phạm Tội,Tâm lí học tội phạm phần 5,https://anchor.fm/s/10627e938/podcast/play/104119150/https%3A%2F%2Fd3ctxlq1ktw2nl.cloudfront.net%2Fstaging%2F2025-5-14%2Ff28bd016-d56c-03d1-2b56-188671de57cd.mp3
apple_88263b74,tâm lý học,Tâm Lý Học Tội Phạm - Phác Họa Chân Dung Kẻ Phạm Tội,Tâm lí học tội phạm phần 4,https://anchor.fm/s/10627e938/podcast/play/104119135/https%3A%2F%2Fd3ctxlq1ktw2nl.cloudfront.net%2Fstaging%2F2025-5-14%2Fa0897f6a-69d3-9023-bfe2-84506af01b7c.mp3
apple_99b19f0d,tâm lý học,Tâm Lý Học Tội Phạm - Phác Họa Chân Dung Kẻ Phạm Tội,Tâm lí học tội phạm phần 3,https://anchor.fm/s/10627e938/podcast/play/104119097/https%3A%2F%2Fd3ctxlq1ktw2nl.cloudfront.net%2Fstaging%2F2025-5-14%2F05011dd3-92d9-57de-4cc1-c8f78103e30e.mp3
apple_8da0f998,tâm lý học,Tâm Lý Học Tội Phạm - Phác Họa Chân Dung Kẻ Phạm Tội,Tâm lí học tội phạm phần 2,https://anchor.fm/s/10627e938/podcast/play/104119081/https%3A%2F%2Fd3ctxlq1ktw2nl.cloudfront.net%2Fstaging%2F2025-5-14%2F2215fd2f-61c0-f9ab-c805-cc28316a6dfa.mp3
apple_c228de5b,tâm lý học,Hiểu đúng về Tâm lý học,#18 - Lời nhắn gửi một bạn thân chủ. ,https://anchor.fm/s/eefe7a10/podcast/play/111196298/https%3A%2F%2Fd3ctxlq1ktw2nl.cloudfront.net%2Fstaging%2F2025-10-14%2F412497790-44100-2-5fad5bf986e9b.m4a
apple_cae19633,tâm lý học,Hiểu đúng về Tâm lý học,#Tập 17 - Không hợp với nhà tâm lý thì sao? hãy thẳng thắn!,https://anchor.fm/s/eefe7a10/podcast/play/109319241/https%3A%2F%2Fd3ctxlq1ktw2nl.cloudfront.net%2Fstaging%2F2025-9-7%2F408801030-44100-2-2357218b3fcd3.m4a
apple_c5b68610,tâm lý học,Hiểu đúng về Tâm lý học,#16 - Để biết khi nào sẵn sàng tham vấn/trị liệu tâm lý,https://anchor.fm/s/eefe7a10/podcast/play/108642831/https%3A%2F%2Fd3ctxlq1ktw2nl.cloudfront.net%2Fstaging%2F2025-8-22%2F407922248-44100-2-66bcdbef59246.m4a
apple_4c433f3a,tâm lý học,Hiểu đúng về Tâm lý học,#15 - Nhà tâm lý cũng cần trị liệu: vai trò của giám sát lâm sàng,https://anchor.fm/s/eefe7a10/podcast/play/104205800/https%3A%2F%2Fd3ctxlq1ktw2nl.cloudfront.net%2Fstaging%2F2025-5-16%2F402255447-44100-2-0cbbe6889d26f.m4a
apple_c78a014d,tâm lý học,Hiểu đúng về Tâm lý học,"#14 - Làm bạn cùng Nhà tâm lý, nên hay không?",https://anchor.fm/s/eefe7a10/podcast/play/98934592/https%3A%2F%2Fd3ctxlq1ktw2nl.cloudfront.net%2Fstaging%2F2025-1-24%2F395421941-44100-2-c583545ef59c1.m4a
apple_882c9756,tâm lý học,Người dẫn dắt Chuyện Nhặt,Chào 2024 - Một năm kiên trì. Một đời nghị lực.,https://anchor.fm/s/b54296e4/podcast/play/82831873/https%3A%2F%2Fd3ctxlq1ktw2nl.cloudfront.net%2Fstaging%2F2024-1-19%2F367997311-44100-2-8234843fd42d8.mp3
apple_2336fd37,tâm lý học,Người dẫn dắt Chuyện Nhặt,"#70. Mind Diet 30 - Đừng sợ tâm lý ""Biết mà Không làm""",https://anchor.fm/s/b54296e4/podcast/play/81061709/https%3A%2F%2Fd3ctxlq1ktw2nl.cloudfront.net%2Fstaging%2F2024-0-10%2F362873218-44100-2-67da4287dbeec.mp3
apple_334c674c,tâm lý học,Người dẫn dắt Chuyện Nhặt,#69. Mind Diet 29 - Khiêu vũ cùng Sói,https://anchor.fm/s/b54296e4/podcast/play/80842541/https%3A%2F%2Fd3ctxlq1ktw2nl.cloudfront.net%2Fstaging%2F2024-0-5%2F362284854-44100-2-b868efc0804be.mp3
apple_e81fbb9d,tâm lý học,Người dẫn dắt Chuyện Nhặt,#68. Mind Diet 28 - Ảo tưởng được gì,https://anchor.fm/s/b54296e4/podcast/play/80842471/https%3A%2F%2Fd3ctxlq1ktw2nl.cloudfront.net%2Fstaging%2F2024-0-5%2F362284597-44100-2-fe8b5af5dfe3b.mp3
apple_3ba84f47,tâm lý học,Người dẫn dắt Chuyện Nhặt,#67. Mind Diet 27 - Nghĩ lạc,https://anchor.fm/s/b54296e4/podcast/play/80842385/https%3A%2F%2Fd3ctxlq1ktw2nl.cloudfront.net%2Fstaging%2F2024-0-5%2F362284369-44100-2-3ff1a0625e3dc.mp3
apple_86881ae8,tâm lý học,Từ A đến Á- Giả định và Định giá,Những người mẹ khóc con (phần 2),https://audio4.redcircle.com/episodes/45181d97-da7f-4560-9d3e-b4e0daf07a55/stream.mp3
apple_36aea530,tâm lý học,Từ A đến Á- Giả định và Định giá,Những người mẹ khóc con (phần 1),https://audio4.redcircle.com/episodes/8a15209f-4650-4106-885b-1fd4322a5652/stream.mp3
apple_9ee2c237,tâm lý học,Từ A đến Á- Giả định và Định giá,Cô Bính,https://audio4.redcircle.com/episodes/b0e32d14-7a9c-4ec8-8a36-0418aa003adb/stream.mp3
apple_48e2fed0,tâm lý học,Từ A đến Á- Giả định và Định giá,Cỗ Tết: Tại sao càng ăn càng thấy khổ?,https://audio4.redcircle.com/episodes/700d5395-a754-40d8-b33a-286be20ee538/stream.mp3
apple_bd554f3b,tâm lý học,Từ A đến Á- Giả định và Định giá,Càng viết càng bế tắc | Writer's block,https://audio4.redcircle.com/episodes/b564677a-efee-4747-a015-ca5854ce542f/stream.mp3
apple_4861c0c9,phát triển bản thân,"Lê Mạnh Tuân - Khởi Nghiệp, Kinh Doanh, Marketing, Phát Triển Bản Thân",Điều duy nhất bạn cần biết để thành công!,https://anchor.fm/s/40b0742c/podcast/play/24003500/https%3A%2F%2Fd3ctxlq1ktw2nl.cloudfront.net%2Fstaging%2F2020-11-15%2F4ab65ad8-6a64-cfb6-8b8e-1ae7cb50f492.mp3
apple_9638d1ab,phát triển bản thân,"Lê Mạnh Tuân - Khởi Nghiệp, Kinh Doanh, Marketing, Phát Triển Bản Thân",Tại sao luôn có những người ghét bạn?,https://anchor.fm/s/40b0742c/podcast/play/24003329/https%3A%2F%2Fd3ctxlq1ktw2nl.cloudfront.net%2Fstaging%2F2020-11-15%2Fcbc63e5b-732d-cb9e-b157-18adc8902eac.mp3
apple_74761261,phát triển bản thân,"Lê Mạnh Tuân - Khởi Nghiệp, Kinh Doanh, Marketing, Phát Triển Bản Thân","Khách hàng của bạn là ai, họ đang ở đâu?",https://anchor.fm/s/40b0742c/podcast/play/24003096/https%3A%2F%2Fd3ctxlq1ktw2nl.cloudfront.net%2Fstaging%2F2020-11-15%2F7f039467-1583-efff-588b-03f4231a651b.mp3
apple_c6637100,phát triển bản thân,"Lê Mạnh Tuân - Khởi Nghiệp, Kinh Doanh, Marketing, Phát Triển Bản Thân",Con muốn mua 1 giờ làm việc của bố...,https://anchor.fm/s/40b0742c/podcast/play/24003007/https%3A%2F%2Fd3ctxlq1ktw2nl.cloudfront.net%2Fstaging%2F2020-11-15%2Fe603960a-5bb8-4ae8-25a3-b8bb07006930.mp3
apple_1d08d1d1,phát triển bản thân,"Lê Mạnh Tuân - Khởi Nghiệp, Kinh Doanh, Marketing, Phát Triển Bản Thân",Làm thế nào để bỏ ra 100k bán sản phẩm 50k mà vẫn lãi?,https://anchor.fm/s/40b0742c/podcast/play/24002899/https%3A%2F%2Fd3ctxlq1ktw2nl.cloudfront.net%2Fstaging%2F2020-11-15%2Ffb7992e6-6800-b713-ec51-5e30c43d270f.mp3
apple_870fcfeb,phát triển bản thân,Phát Triển Bản Thân,Warren Buffett - 22 Thương Vụ Đầu Tiên Và Bài Học Đắt Giá Từ Những Sai Lầm [Sách Nói],https://media.transistor.fm/118f715f/46f14088.mp3
apple_5247fbec,phát triển bản thân,Phát Triển Bản Thân,Tư Duy Hộp Đen [Sách Nói],https://media.transistor.fm/257b6cc3/9e700b01.mp3
apple_60ff15f7,phát triển bản thân,Phát Triển Bản Thân,"Tự Chủ Với Âu Lo, Tự Do Với Cảm Xúc [Sách Nói]",https://media.transistor.fm/2a661995/4b64486e.mp3
apple_c3496b9e,phát triển bản thân,Phát Triển Bản Thân,Tâm Lý Học Nhân Cách [Sách Nói],https://media.transistor.fm/63cd1aab/42a519f2.mp3
apple_483d95d8,phát triển bản thân,Phát Triển Bản Thân,Tâm Lý Học Tích Cực [Sách Nói],https://media.transistor.fm/520c6cf3/c7976d8c.mp3
apple_eb8090d6,phát triển bản thân,Phát triển bản thân 🔴 Bí quyết thành công 🔴 Bài học cuộc sống,【23】Không Biết Cái Này = Cả Đời Đi Cày 🔴 Tổng Hợp Công Cụ Tự Động (Rất Hay) cho Công Việc và Cuộc Sống,https://anchor.fm/s/1000af2c/podcast/play/22138672/https%3A%2F%2Fd3ctxlq1ktw2nl.cloudfront.net%2Fstaging%2F2020-10-5%2F125582775-44100-2-31a5e7cf7e442.m4a
apple_7e65f858,phát triển bản thân,Phát triển bản thân 🔴 Bí quyết thành công 🔴 Bài học cuộc sống,【22】Lười Nhác là Banh Xác 🔴 Người Đàn Ông Quyền Lực Nhất Thế Giới là ai ?,https://anchor.fm/s/1000af2c/podcast/play/22138360/https%3A%2F%2Fd3ctxlq1ktw2nl.cloudfront.net%2Fstaging%2F2020-10-5%2F125580832-44100-2-305800b2bcc9b.m4a
apple_7b9cbbfd,phát triển bản thân,Phát triển bản thân 🔴 Bí quyết thành công 🔴 Bài học cuộc sống,【21】Biết Quan Sát = Đời Sẽ Khác 🔴 Tầm Nhìn quyết định Tầm Vóc,https://anchor.fm/s/1000af2c/podcast/play/22137554/https%3A%2F%2Fd3ctxlq1ktw2nl.cloudfront.net%2Fstaging%2F2020-10-5%2F125579351-44100-2-6b4db4999aea4.m4a
apple_8b4463b0,phát triển bản thân,Phát triển bản thân 🔴 Bí quyết thành công 🔴 Bài học cuộc sống,【20】Bị gọi điện làm phiền = Người hiền cũng nổi điên 🔴 App tự động chặn cuộc gọi làm phiền từ Sales,https://anchor.fm/s/1000af2c/podcast/play/22137056/https%3A%2F%2Fd3ctxlq1ktw2nl.cloudfront.net%2Fstaging%2F2020-10-5%2F125577661-44100-2-38af3a5bfdde3.m4a
apple_3327312a,phát triển bản thân,Phát triển bản thân 🔴 Bí quyết thành công 🔴 Bài học cuộc sống,【19】Hít Thở Sai = Khó Sống Dai 🔴 99% Hít Thở Sai - Kể Cả Bạn,https://anchor.fm/s/1000af2c/podcast/play/22135557/https%3A%2F%2Fd3ctxlq1ktw2nl.cloudfront.net%2Fstaging%2F2020-10-5%2F125574855-44100-2-74d583f93cddf.m4a
apple_7fd3540d,phát triển bản thân,Mẹ Ora Podcast - Podcast Phát triển bản thân dành cho ba mẹ,mình từ bỏ làm podcast? | Mẹ Ora Podcast - Podcast Phát triển bản thân dành cho ba mẹ,https://anchor.fm/s/100068140/podcast/play/102018506/https%3A%2F%2Fd3ctxlq1ktw2nl.cloudfront.net%2Fstaging%2F2025-4-1%2F399388490-44100-2-04765f88c1d65.mp3
apple_1b684293,phát triển bản thân,Mẹ Ora Podcast - Podcast Phát triển bản thân dành cho ba mẹ,Phụ nữ và Gia đình | Mẹ Ora Podcast - Podcast Phát triển bản thân dành cho ba mẹ,https://anchor.fm/s/100068140/podcast/play/99911679/https%3A%2F%2Fd3ctxlq1ktw2nl.cloudfront.net%2Fstaging%2F2025-2-16%2F396644996-44100-2-1c8b7d75174dc.mp3
apple_d6aae0d2,phát triển bản thân,Mẹ Ora Podcast - Podcast Phát triển bản thân dành cho ba mẹ,tích cực độc hại tuổi 30+ | Mẹ Ora Podcast - Podcast Phát triển bản thân dành cho ba mẹ,https://anchor.fm/s/100068140/podcast/play/99051643/https%3A%2F%2Fd3ctxlq1ktw2nl.cloudfront.net%2Fstaging%2F2025-1-27%2F395624074-44100-2-cf4630c95d69a.mp3
apple_035b02a8,phát triển bản thân,Mẹ Ora Podcast - Podcast Phát triển bản thân dành cho ba mẹ,đừng hi sinh chỉ vì yêu! | Mẹ Ora Podcast - Podcast Phát triển bản thân dành cho ba mẹ,https://anchor.fm/s/100068140/podcast/play/98444522/https%3A%2F%2Fd3ctxlq1ktw2nl.cloudfront.net%2Fstaging%2F2025-1-13%2F394811248-44100-2-f00cb98e2b7a2.mp3
apple_558aaa44,phát triển bản thân,Mẹ Ora Podcast - Podcast Phát triển bản thân dành cho ba mẹ,Vượt qua Hoài nghi - Đi tới Chủ đích | Mẹ Ora Podcast - Podcast Phát triển bản thân dành cho ba mẹ,https://anchor.fm/s/100068140/podcast/play/97856025/https%3A%2F%2Fd3ctxlq1ktw2nl.cloudfront.net%2Fstaging%2F2025-1-1%2F394079353-44100-2-8afeed2adaa5d.mp3
apple_05a91e9c,phát triển bản thân,Vũ Cao Cường - Nhà Đào Tạo NLP giúp phát triển bản thân,Thử thách bản thân - MỤC TIÊU ĐÚNG VÀ CÁCH ĐẶT MỤC TIÊU | Vũ Cao Cường,https://pinecast.com/listen/6a9d5675-e4f7-4f7c-b5ab-93b5faf86cf8.mp3?source=rss&ext=asset.mp3
apple_5341f356,phát triển bản thân,Vũ Cao Cường - Nhà Đào Tạo NLP giúp phát triển bản thân,Thử thách bản thân - THAY ĐỔI TRẠNG THÁI CẢM XÚC | Vũ Cao Cường,https://pinecast.com/listen/d22b8f1a-3aaa-4329-9c28-b4a5203dea73.mp3?source=rss&ext=asset.mp3
apple_e561d70d,phát triển bản thân,Vũ Cao Cường - Nhà Đào Tạo NLP giúp phát triển bản thân,Thử thách bản thân - CÁCH TÌM ĐỘNG LỰC ĐỂ THAY ĐỔI | Vũ Cao Cường,https://pinecast.com/listen/d1ee0c83-d244-4121-b7de-d0cbf07b6478.mp3?source=rss&ext=asset.mp3
apple_de2ce3f4,phát triển bản thân,Vũ Cao Cường - Nhà Đào Tạo NLP giúp phát triển bản thân,Thử thách bản thân - VỊ TRÍ NHẬN THỨC | Vũ Cao Cường,https://pinecast.com/listen/7456145c-a5c1-4726-a43b-4a2f8936cf99.mp3?source=rss&ext=asset.mp3
apple_3e1c326e,phát triển bản thân,Vũ Cao Cường - Nhà Đào Tạo NLP giúp phát triển bản thân,Thử thách bản thân - VÙNG THOẢI MÁI VÀ HỆ QUẢ CỦA NÓ | Vũ Cao Cường,https://pinecast.com/listen/bd2b7d31-763a-4d5b-bbc2-cd2731a02145.mp3?source=rss&ext=asset.mp3
apple_be2cdae3,phát triển bản thân,20 Audio phát triển bản thân,Nhà giả kim,https://anchor.fm/s/5d1d9a90/podcast/play/34407803/https%3A%2F%2Fd3ctxlq1ktw2nl.cloudfront.net%2Fstaging%2F2021-4-28%2F191115822-44100-2-c614043cb54c6.m4a
apple_85505843,phát triển bản thân,DNH - Audio Phát Triển Bản Thân,NGUYỄN MẠNH TUẤN A7 VĨ MÔ FULL,https://anchor.fm/s/42f0b6d4/podcast/play/43485332/https%3A%2F%2Fd3ctxlq1ktw2nl.cloudfront.net%2Fstaging%2F2021-11-17%2F03a383da38a664b325de8f4c4dd01f29.m4a
apple_b55ec4d5,phát triển bản thân,DNH - Audio Phát Triển Bản Thân,Buổi 9 - H.T Training Nutrition Lv1,https://anchor.fm/s/42f0b6d4/podcast/play/24003317/https%3A%2F%2Fd3ctxlq1ktw2nl.cloudfront.net%2Fstaging%2F2020-11-15%2Ff481c8df-38d8-de02-5554-9e00818d9763.mp3
apple_1f7b0600,phát triển bản thân,DNH - Audio Phát Triển Bản Thân,Buổi 8 - H.T Training Nutrition Lv1,https://anchor.fm/s/42f0b6d4/podcast/play/24003191/https%3A%2F%2Fd3ctxlq1ktw2nl.cloudfront.net%2Fstaging%2F2020-11-15%2F6f17250c-f6fc-1784-f55c-86c17daf9c32.mp3
apple_39af4d3f,phát triển bản thân,DNH - Audio Phát Triển Bản Thân,Buổi 7 - H.T Training Nutrition Lv1,https://anchor.fm/s/42f0b6d4/podcast/play/24002981/https%3A%2F%2Fd3ctxlq1ktw2nl.cloudfront.net%2Fstaging%2F2020-11-15%2Fe6ceb199-d596-680b-f23e-ecebc57d75be.mp3
apple_aaf1bd32,phát triển bản thân,DNH - Audio Phát Triển Bản Thân,Buổi 6 - H.T Training Nutrition Lv1,https://anchor.fm/s/42f0b6d4/podcast/play/24002583/https%3A%2F%2Fd3ctxlq1ktw2nl.cloudfront.net%2Fstaging%2F2020-11-15%2F8f688351-fcd8-243b-7435-3c162e73e6c0.mp3
apple_1ce7e1e7,phát triển bản thân,Phát triển cỗ máy bán hàng,"Marketing IR 5.0 - Lấy khách hàng làm trung tâm, trách nhiệm tiêu dùng và văn hóa tổ chức",https://anchor.fm/s/103c867bc/podcast/play/102514745/https%3A%2F%2Fd3ctxlq1ktw2nl.cloudfront.net%2Fstaging%2F2025-4-11%2Fbc99cfc3-564f-7e01-5696-698b7bd38127.mp3
apple_13c3f9a4,phát triển bản thân,Phát triển cỗ máy bán hàng,Marketing IR 5.0 - Trí tuệ nhân tạo và cách tiếp cận mô phỏng con người,https://anchor.fm/s/103c867bc/podcast/play/102094468/https%3A%2F%2Fd3ctxlq1ktw2nl.cloudfront.net%2Fstaging%2F2025-4-2%2F3398fc07-a4c0-f194-4e75-98f0153333ff.mp3
apple_81d7f7e1,phát triển bản thân,Phát triển cỗ máy bán hàng,Chương 10 : Tạo đà tăng trưởng cùng cả đội,https://anchor.fm/s/103c867bc/podcast/play/101945369/https%3A%2F%2Fd3ctxlq1ktw2nl.cloudfront.net%2Fstaging%2F2025-3-29%2F68146e3f-f7e4-75df-ccd7-2c6110992f90.mp3
apple_102c0269,phát triển bản thân,Phát triển cỗ máy bán hàng,Chương 09: Lập kế hoạch khách hàng chiến lược để thành công lâu dài,https://anchor.fm/s/103c867bc/podcast/play/101679324/https%3A%2F%2Fd3ctxlq1ktw2nl.cloudfront.net%2Fstaging%2F2025-3-23%2Fa959dcde-92ba-fe0f-2459-0c4cf1f2bea9.mp3
apple_1911a72d,phát triển bản thân,Phát triển cỗ máy bán hàng,"Chương 08:Kết thúc phi vụ, không kết thúc mối quan hệ",https://anchor.fm/s/103c867bc/podcast/play/101603645/https%3A%2F%2Fd3ctxlq1ktw2nl.cloudfront.net%2Fstaging%2F2025-3-22%2Fbab36a5f-c836-7ac5-02cf-f796fffe663b.mp3
apple_7925512b,sức khỏe tinh thần,Kể Podcast,Ăn chay (Vegetarian) - Con đường tìm đến hạnh phúc,https://anchor.fm/s/78bab33c/podcast/play/54017148/https%3A%2F%2Fd3ctxlq1ktw2nl.cloudfront.net%2Fstaging%2F2022-5-26%2F21b02a18-40b6-953d-a2a6-2857a7300db0.mp3
apple_92dc0ba3,sức khỏe tinh thần,Kể Podcast,Trầm Cảm ( Depression ) là bạn hay kẻ thù,https://anchor.fm/s/78bab33c/podcast/play/53373631/https%3A%2F%2Fd3ctxlq1ktw2nl.cloudfront.net%2Fstaging%2F2022-5-12%2F9dd0c63f-fcc9-6de6-38ca-db00968a2338.mp3
apple_035e5899,sức khỏe tinh thần,Kể Podcast,Sự tích cực độc hại,https://anchor.fm/s/78bab33c/podcast/play/52719027/https%3A%2F%2Fd3ctxlq1ktw2nl.cloudfront.net%2Fstaging%2F2022-4-29%2F78861dc1-cccd-544e-5fee-c33e63f7653e.mp3
apple_25111609,sức khỏe tinh thần,Kể Podcast,Sự tích cực nửa mùa,https://anchor.fm/s/78bab33c/podcast/play/52020453/https%3A%2F%2Fd3ctxlq1ktw2nl.cloudfront.net%2Fstaging%2F2022-4-15%2F032450ca-44ce-5c80-ce17-286bc41d5de8.mp3
apple_6d34a5f2,sức khỏe tinh thần,Kể Podcast,Những cạm bẫy trên đại học,https://anchor.fm/s/78bab33c/podcast/play/51734030/https%3A%2F%2Fd3ctxlq1ktw2nl.cloudfront.net%2Fstaging%2F2022-4-9%2F8a48c4bd-100a-cd0f-9ee3-3910c740bd79.mp3
apple_d5046786,sức khỏe tinh thần,Mỹ Hạnh Health Coach,Hiểu Về Cảm Xúc,https://anchor.fm/s/d985e6a0/podcast/play/87258626/https%3A%2F%2Fd3ctxlq1ktw2nl.cloudfront.net%2Fstaging%2F2024-4-27%2F6d3434df-895c-e3df-65d6-c7dc2763f32a.mp3
apple_9027c8fc,sức khỏe tinh thần,Mỹ Hạnh Health Coach,Đái Tháo Đường & Sức Khỏe Tinh Thần,https://anchor.fm/s/d985e6a0/podcast/play/75693021/https%3A%2F%2Fd3ctxlq1ktw2nl.cloudfront.net%2Fstaging%2F2023-8-9%2F42296e80-747b-61f7-666b-047ab1a115be.mp3
apple_144fa82b,sức khỏe tinh thần,Mỹ Hạnh Health Coach,Mạng Xã Hội và Sức Khỏe Tinh Thần,https://anchor.fm/s/d985e6a0/podcast/play/74829578/https%3A%2F%2Fd3ctxlq1ktw2nl.cloudfront.net%2Fstaging%2F2023-7-20%2F5b578cfe-2bb1-6163-468f-abd05d5f038a.mp3
apple_a2318c02,sức khỏe tinh thần,Mỹ Hạnh Health Coach,Sức Khỏe Tinh Thần,https://anchor.fm/s/d985e6a0/podcast/play/74191361/https%3A%2F%2Fd3ctxlq1ktw2nl.cloudfront.net%2Fstaging%2F2023-7-3%2F1461cb3d-2843-94b2-1f86-a6d458f2844a.mp3
apple_76fd3fa8,sức khỏe tinh thần,Mỹ Hạnh Health Coach,Tối Ưu Năng Lượng Mỗi Ngày Thông Qua Dinh Dưỡng Đúng.,https://anchor.fm/s/d985e6a0/podcast/play/69185552/https%3A%2F%2Fd3ctxlq1ktw2nl.cloudfront.net%2Fstaging%2F2023-3-24%2Faa28ad54-bb5a-c030-cb54-fa7f992f0d53.mp3
apple_66bf9f67,sức khỏe tinh thần,Sức khỏe là vàng,Sức khỏe là Vàng: Neurodivergent - Hiểu đúng để đồng hành cùng trẻ,https://sbs-podcast.streamguys1.com/suc-khoe-la-vang/20251231160015-vietnamese-ca97f927-ba50-4a63-a621-3d15c7376889.mp3?awCollectionId=suc-khoe-la-vang&awGenre=Health&awEpisodeId=0000019b-6f83-dd2c-a79f-6fd36d580000&dur_cat=3
apple_3302eaa3,sức khỏe tinh thần,Sức khỏe là vàng,Sức khỏe là Vàng: Dùng vitamin sao cho đúng? Những hiểu lầm phổ biến cần tránh,https://sbs-podcast.streamguys1.com/suc-khoe-la-vang/20251224150833-vietnamese-241225-sklv-vitamins.mp3?awCollectionId=suc-khoe-la-vang&awGenre=Health&awEpisodeId=0000019b-4e7d-d6f7-a1df-fe7f67e20000&dur_cat=3
apple_a20375bf,sức khỏe tinh thần,Sức khỏe là vàng,Sức khỏe là Vàng: PTSD - Những tổn thương tâm lý sau biến cố,https://sbs-podcast.streamguys1.com/suc-khoe-la-vang/20251217160145-vietnamese-5bb6b0a7-9114-4ae5-9dfd-0ac4bed31f26.mp3?awCollectionId=suc-khoe-la-vang&awGenre=Health&awEpisodeId=0000019b-270c-d151-abdb-37df01dc0000&dur_cat=3
apple_186953cf,sức khỏe tinh thần,Sức khỏe là vàng,Sức khỏe là Vàng: Đau bụng tái diễn ở trẻ em - Hiểu để xử lý đúng,https://sbs-podcast.streamguys1.com/suc-khoe-la-vang/20251210165633-vietnamese-sklv-recurrent-abdominal-pain.mp3?awCollectionId=suc-khoe-la-vang&awGenre=Health&awEpisodeId=0000019b-06b6-d893-a9fb-ceb6d0d80000&dur_cat=3
apple_a7ba56fa,sức khỏe tinh thần,Sức khỏe là vàng,Sức khỏe là Vàng: Sức khỏe tinh thần người trẻ - Giải mã nguy cơ tự sát và những dấu hiệu cần giúp đỡ,https://sbs-podcast.streamguys1.com/suc-khoe-la-vang/20251203193134-vietnamese-sklv-youth-suicide-prevention.mp3?awCollectionId=suc-khoe-la-vang&awGenre=Health&awEpisodeId=0000019a-e2ea-d3df-a5bf-ffebfc240000&dur_cat=3
apple_43058db4,sức khỏe tinh thần,RADIO VÙNG ĐẤT TINH THẦN SUNNYCARE,Tập 107: Những điều nhỏ bé giúp con có tuổi thơ hạnh phúc,https://anchor.fm/s/103ccd680/podcast/play/117601289/https%3A%2F%2Fd3ctxlq1ktw2nl.cloudfront.net%2Fstaging%2F2026-2-28%2F64903db3-77bb-98c0-d759-d9d0e0c25b8a.mp3
apple_739fe467,sức khỏe tinh thần,RADIO VÙNG ĐẤT TINH THẦN SUNNYCARE,Tập 106: Sự khác biệt giữa yêu và sở hữu – Thiết lập ranh giới lành mạnh,https://anchor.fm/s/103ccd680/podcast/play/117601186/https%3A%2F%2Fd3ctxlq1ktw2nl.cloudfront.net%2Fstaging%2F2026-2-28%2Fc037188f-3694-b871-3707-e0a61de77e25.mp3
apple_9822d2d7,sức khỏe tinh thần,RADIO VÙNG ĐẤT TINH THẦN SUNNYCARE,Tập 105: Quy tắc 30 phút – Digital detox & thiết lập ranh giới cá nhân,https://anchor.fm/s/103ccd680/podcast/play/117272774/https%3A%2F%2Fd3ctxlq1ktw2nl.cloudfront.net%2Fstaging%2F2026-2-21%2F7fcd4c23-5cb0-e9f5-fd35-43b5a88c1980.mp3
apple_2f6e5d9d,sức khỏe tinh thần,RADIO VÙNG ĐẤT TINH THẦN SUNNYCARE,Tập 103: Tuổi dậy thì – Giao tiếp giúp bạn thấu hiểu con,https://anchor.fm/s/103ccd680/podcast/play/117013262/https%3A%2F%2Fd3ctxlq1ktw2nl.cloudfront.net%2Fstaging%2F2026-2-16%2F18325c58-f54f-f674-dd7a-fd82eb0885b7.mp3
apple_b1bc287c,sức khỏe tinh thần,RADIO VÙNG ĐẤT TINH THẦN SUNNYCARE,Tập 102: 3 cách xây dựng lòng tin vững chắc nhất trong mối quan hệ,https://anchor.fm/s/103ccd680/podcast/play/116941960/https%3A%2F%2Fd3ctxlq1ktw2nl.cloudfront.net%2Fstaging%2F2026-2-15%2F0ec54274-b873-7f6b-09fd-ec0110aba7ff.mp3
apple_051078ea,sức khỏe tinh thần,Sức khỏe của bạn,Bác sĩ khuyến cáo về món bánh trứng kiến gây sốt mạng xã hội,https://cdn2.tuoitre.vn/471584752817336320/2026/4/6/64banhtrungkienmixdown-1775465501486818689996.mp3
apple_5d3de630,sức khỏe tinh thần,Sức khỏe của bạn,Nguyên nhân khiến đột quỵ ở người trẻ tuổi gia tăng báo động trên toàn cầu,https://cdn2.tuoitre.vn/471584752817336320/2026/4/5/nguoi-tre-bi-dot-quy-new111mixdown-1775362232430820128861.mp3
apple_7694f0f6,sức khỏe tinh thần,Sức khỏe của bạn,Vụ heo bệnh vào trường học và khuyến cáo từ bác sĩ về nguy cơ sức khỏe,https://cdn2.tuoitre.vn/471584752817336320/2026/4/1/300-tan-thit-heo-new-123mixdown-1775029292231372315150.mp3
apple_0a65775c,sức khỏe tinh thần,Sức khỏe của bạn,"Thông tin về biến thể ‘Ve sầu’ của COVID-19, cách phòng bệnh",https://cdn2.tuoitre.vn/471584752817336320/2026/3/31/313covidmixdown-1774932046678187090764.wav
apple_7f36d2c6,sức khỏe tinh thần,Sức khỏe của bạn,"Em bé được cứu chữa từ trong bụng mẹ, chào đời với 'đôi cánh tí hon'",https://cdn2.tuoitre.vn/471584752817336320/2026/3/29/soinhmixdown-1774782625835308668368.mp3
apple_973e06a6,sức khỏe tinh thần,Cấy Nền Radio,Tập 17: Lưng chừng ngưỡng 35 | YOU NOW WE NOW series | Cấy Nền Radio,https://anchor.fm/s/172f3f70/podcast/play/110581880/https%3A%2F%2Fd3ctxlq1ktw2nl.cloudfront.net%2Fstaging%2F2025-10-2%2Fcb097cd0-382c-a792-d8b4-7037733fb56f.mp3
apple_12ffdbdb,sức khỏe tinh thần,Cấy Nền Radio,"Tập 16: ""MẶT NẠ XÃ HỘI"" nên hay không? | YOU NOW WE NOW series | Cấy Nền Radio",https://anchor.fm/s/172f3f70/podcast/play/110581427/https%3A%2F%2Fd3ctxlq1ktw2nl.cloudfront.net%2Fstaging%2F2025-10-2%2F6f34ec3b-ab00-79a1-1aa6-a8f03abc552c.mp3
apple_67bd7666,sức khỏe tinh thần,Cấy Nền Radio,Tương lai ra sao là do chính mình | GS Phan Văn Trường | Cấy Nền Radio,https://anchor.fm/s/172f3f70/podcast/play/110618749/https%3A%2F%2Fd3ctxlq1ktw2nl.cloudfront.net%2Fstaging%2F2025-10-3%2Ff1bc6a43-7ea7-2f8d-66a7-f392e2db9937.mp3
apple_ca9e9700,sức khỏe tinh thần,Cấy Nền Radio,"Tập 15: ""HIỂU"" cuộc sống bây giờ | YOU NOW WE NOW series | Cấy Nền Radio",https://anchor.fm/s/172f3f70/podcast/play/110581373/https%3A%2F%2Fd3ctxlq1ktw2nl.cloudfront.net%2Fstaging%2F2025-10-2%2Ff52f79e4-fd86-2f34-6201-a588567c0dd2.mp3
apple_d4b5ab0c,sức khỏe tinh thần,Cấy Nền Radio,Tự tạo ra con người mình muốn trở thành | GS Phan Văn Trường | Giọng đọc: Đặng Hằng | Cấy Nền Radio,https://anchor.fm/s/172f3f70/podcast/play/110618417/https%3A%2F%2Fd3ctxlq1ktw2nl.cloudfront.net%2Fstaging%2F2025-10-3%2Fe7deb805-6330-3cab-62b2-f911c033313e.mp3
apple_11a5d5a9,sức khỏe tinh thần,SBS Vietnamese - SBS Việt ngữ,Who's profiting from your outrage? - SBS Examines: Ai hưởng lợi từ sự phẫn nộ của bạn?,https://sbs-podcast.streamguys1.com/sbs-Vietnamese/20260407001231-vietnamese-060426-sbs-examines-rage-bait-podcast.mp3?awCollectionId=sbs-vietnamese&awGenre=News&awEpisodeId=0000019d-6307-d622-a7bf-634727dd0000&dur_cat=3
apple_d8c9956b,sức khỏe tinh thần,SBS Vietnamese - SBS Việt ngữ,Bản tin tối 06-04-2026,https://sbs-podcast.streamguys1.com/sbs-Vietnamese/20260406192304-vietnamese-06b50751-7d6b-40dd-9558-cac9c0fbdf66.mp3?awCollectionId=sbs-vietnamese&awGenre=News&awEpisodeId=0000019d-6216-dba1-ab9f-663f355d0000&dur_cat=3
apple_f58ccc9a,sức khỏe tinh thần,SBS Vietnamese - SBS Việt ngữ,Trả đũa? Iran cảnh báo Trump về mối đe dọa ở eo biển Hormuz,https://sbs-podcast.streamguys1.com/sbs-Vietnamese/20260406171947-vietnamese-a84fcced-6b08-4030-8093-95cb67daefce.mp3?awCollectionId=sbs-vietnamese&awGenre=News&awEpisodeId=0000019d-61a3-da1c-a7bf-73effdca0000&dur_cat=3
apple_4fac0ac7,sức khỏe tinh thần,SBS Vietnamese - SBS Việt ngữ,Các tổ chức từ thiện đang chịu áp lực lớn trong dịp lễ Phục Sinh do giá nhiên liệu tăng cao,https://sbs-podcast.streamguys1.com/sbs-Vietnamese/20260406171258-vietnamese-8d22c28a-0083-4c35-93fd-6f906689732f.mp3?awCollectionId=sbs-vietnamese&awGenre=News&awEpisodeId=0000019d-619d-dd17-ab9f-71bdb8810003&dur_cat=2
apple_6e354b88,sức khỏe tinh thần,SBS Vietnamese - SBS Việt ngữ,Chính phủ công bố các quy định hạn chế quảng cáo cờ bạc. Liệu các quy định này đã đủ mạnh?,https://sbs-podcast.streamguys1.com/sbs-Vietnamese/20260406170605-vietnamese-e98c3791-94cd-413e-9a53-15c1cf0a0c68.mp3?awCollectionId=sbs-vietnamese&awGenre=News&awEpisodeId=0000019d-6195-d9b0-a9fd-7195ac000000&dur_cat=2
apple_6cfff101,sức khỏe tinh thần,Tieng Viet Oi,"[Advanced] Humans of TVO #2. David - Maths teacher, language enthusiast, Youtuber, and more!",https://anchor.fm/s/726227a4/podcast/play/117749518/https%3A%2F%2Fd3ctxlq1ktw2nl.cloudfront.net%2Fstaging%2F2026-2-31%2F7dcc33c2-34f8-5abd-7a77-e5c26810b581.mp3
apple_5a3c681b,sức khỏe tinh thần,Tieng Viet Oi,[Elementary] Bilingual Bite #12. Nhà cậu ở đâu? - Where’s your house?,https://anchor.fm/s/726227a4/podcast/play/117164396/https%3A%2F%2Fd3ctxlq1ktw2nl.cloudfront.net%2Fstaging%2F2026-2-19%2F6424c162-73d8-e601-4d66-b79106c43eb3.mp3
apple_8ebe21d2,sức khỏe tinh thần,Tieng Viet Oi,[Intermediate/Advanced] 5Vietnaminutes #16 - Chúc ngủ ngon! ,https://anchor.fm/s/726227a4/podcast/play/116177309/https%3A%2F%2Fd3ctxlq1ktw2nl.cloudfront.net%2Fstaging%2F2026-1-28%2F94f0261b-725d-6251-840f-06ac52fd7846.mp3
apple_5f7c0276,sức khỏe tinh thần,Tieng Viet Oi,[Intermediate/Advanced] E44. Người Việt chúc Tết,https://anchor.fm/s/726227a4/podcast/play/115457780/https%3A%2F%2Fd3ctxlq1ktw2nl.cloudfront.net%2Fstaging%2F2026-1-13%2F852d5142-08dc-e1ed-e0a0-601728f732c6.mp3
apple_96e2bca9,sức khỏe tinh thần,Tieng Viet Oi,[Elementary] Bilingual Bite #11. Gặp mẹ người yêu -  Meeting the boyfriend's mum,https://anchor.fm/s/726227a4/podcast/play/114789099/https%3A%2F%2Fd3ctxlq1ktw2nl.cloudfront.net%2Fstaging%2F2026-0-30%2Fe166d322-8251-ee7d-7e20-56f3a96e1a9d.mp3
apple_e467e062,sức khỏe tinh thần,Radio - Sức khỏe trên hết,Chiến dịch 0 đồng trả lại màu xanh cho Hà Nội của tác giả Thành Trung,https://anchor.fm/s/65848b94/podcast/play/72319511/https%3A%2F%2Fd3ctxlq1ktw2nl.cloudfront.net%2Fstaging%2F2023-5-19%2Fcd76ec63-d74e-ce3d-ddf4-716103a590b0.mp3
apple_e4c5ce46,sức khỏe tinh thần,Radio - Sức khỏe trên hết,Bảo vệ đôi mắt cho trẻ em.,https://anchor.fm/s/65848b94/podcast/play/72319472/https%3A%2F%2Fd3ctxlq1ktw2nl.cloudfront.net%2Fstaging%2F2023-5-19%2F8d51173a-10ea-30b0-51b3-174674d28658.mp3
apple_d5af1c3c,sức khỏe tinh thần,Radio - Sức khỏe trên hết,Dấu hiệu trẻ bị biến chứng do bệnh lý tay chân miệng,https://anchor.fm/s/65848b94/podcast/play/72319441/https%3A%2F%2Fd3ctxlq1ktw2nl.cloudfront.net%2Fstaging%2F2023-5-19%2F8d51173a-10ea-30b0-51b3-174674d28658.mp3
apple_609de7ac,sức khỏe tinh thần,Radio - Sức khỏe trên hết,Một nữ bác sĩ đã từng ngày phấn đấu học tập theo tấm gương Bác Hồ,https://anchor.fm/s/65848b94/podcast/play/72208934/https%3A%2F%2Fd3ctxlq1ktw2nl.cloudfront.net%2Fstaging%2F2023-5-16%2F6b93dd95-b656-baaf-765b-7a6f0a063435.mp3
apple_150c0922,sức khỏe tinh thần,Radio - Sức khỏe trên hết,Những biện pháp cấp cứu bệnh nhân đột quỵ trong giờ vàng.,https://anchor.fm/s/65848b94/podcast/play/72208885/https%3A%2F%2Fd3ctxlq1ktw2nl.cloudfront.net%2Fstaging%2F2023-5-16%2Fa1fe4fb9-8877-9feb-ece3-bfe959daedb1.mp3
apple_2301fe03,sức khỏe tinh thần,Viết Chữa Lành,Ba bài tập viết đơn giản giữ tâm trí tích cực mỗi ngày,https://anchor.fm/s/af38c3a4/podcast/play/116682719/https%3A%2F%2Fd3ctxlq1ktw2nl.cloudfront.net%2Fstaging%2F2026-2-10%2Fdfd63d20-d14f-3479-0dde-52da5c8105a7.mp3
apple_70619c4c,sức khỏe tinh thần,Viết Chữa Lành,Sống riêng hay sống chung?,https://anchor.fm/s/af38c3a4/podcast/play/116682949/https%3A%2F%2Fd3ctxlq1ktw2nl.cloudfront.net%2Fstaging%2F2026-2-10%2Fff2e540a-51d6-99d0-d472-21514db42729.mp3
apple_c290b6a9,sức khỏe tinh thần,Viết Chữa Lành,Lấy chồng rồi ăn Tết thế nào? ,https://anchor.fm/s/af38c3a4/podcast/play/116683048/https%3A%2F%2Fd3ctxlq1ktw2nl.cloudfront.net%2Fstaging%2F2026-2-10%2Faaa87b00-cdff-914a-48a5-b80df0b6345f.mp3
apple_bd978644,sức khỏe tinh thần,Viết Chữa Lành,Prenup trong hôn nhân: tính toán hay là sự tử tế?,https://anchor.fm/s/af38c3a4/podcast/play/116681289/https%3A%2F%2Fd3ctxlq1ktw2nl.cloudfront.net%2Fstaging%2F2026-2-10%2F92676905-5312-4847-bf3b-5192d8c815cf.mp3
apple_a95fdf4b,sức khỏe tinh thần,Viết Chữa Lành,Nữ quyền - Quyền được làm phụ nữ,https://anchor.fm/s/af38c3a4/podcast/play/116414629/https%3A%2F%2Fd3ctxlq1ktw2nl.cloudfront.net%2Fstaging%2F2026-2-5%2F4d7f65ef-dd50-7f8f-7274-a9cb8c6671ea.mp3
apple_8354e0fd,sức khỏe tinh thần,Điểm Tựa Tâm Lý,Đối diện với cảm xúc tiêu cực,https://anchor.fm/s/b51b7294/podcast/play/117548624/https%3A%2F%2Fd3ctxlq1ktw2nl.cloudfront.net%2Fstaging%2F2026-2-27%2F3e9dbe0f-ccbc-6be6-283d-4dcde544d050.mp3
apple_a986f7b7,sức khỏe tinh thần,Điểm Tựa Tâm Lý,Người chọn nghề hay nghề chọn người ?,https://anchor.fm/s/b51b7294/podcast/play/73111747/https%3A%2F%2Fd3ctxlq1ktw2nl.cloudfront.net%2Fproduction%2F2023-6-7%2F338355559-44100-2-ce78549c66763.m4a
apple_aa1993a2,sức khỏe tinh thần,Điểm Tựa Tâm Lý,Luôn Tích Cực Là Tốt ?,https://anchor.fm/s/b51b7294/podcast/play/71153357/https%3A%2F%2Fd3ctxlq1ktw2nl.cloudfront.net%2Fproduction%2F2023-4-28%2F332009485-44100-2-90436112840f5.m4a
apple_0558202e,sức khỏe tinh thần,Điểm Tựa Tâm Lý,Làm Sao Để Có Một Sức Khỏe Tình Thần Khỏe Mạnh ?,https://anchor.fm/s/b51b7294/podcast/play/69919019/https%3A%2F%2Fd3ctxlq1ktw2nl.cloudfront.net%2Fproduction%2F2023-4-20%2F330642441-44100-2-9490509d2d773.m4a
apple_133335c8,sức khỏe tinh thần,Điểm Tựa Tâm Lý,Tham Gia Câu Lạc Bộ Chỉ Phí Thời Gian ??? (Part 1),https://anchor.fm/s/b51b7294/podcast/play/61125935/https%3A%2F%2Fd3ctxlq1ktw2nl.cloudfront.net%2Fproduction%2F2023-2-7%2F316632918-44100-2-cd62904fd23b2.m4a
apple_dd3d01d8,sức khỏe tinh thần,Have A Sip,PGS. TS. Nguyễn Phương Mai: Là con ruồi thì đừng nên khóc - Have A Sip #252,https://anchor.fm/s/103273a04/podcast/play/117894496/https%3A%2F%2Fd3ctxlq1ktw2nl.cloudfront.net%2Fstaging%2F2026-3-3%2F421327973-44100-2-b5095562a5e36.m4a
apple_b1572efb,sức khỏe tinh thần,Have A Sip,"Nhà văn Phùng Thị Lệ Lý: Tài không ai hơn ai, người ta hơn nhau ở Tâm - Have A Sip #251",https://anchor.fm/s/103273a04/podcast/play/117554333/https%3A%2F%2Fd3ctxlq1ktw2nl.cloudfront.net%2Fstaging%2F2026-2-27%2F420871250-44100-2-e55564a0f409e.m4a
apple_e492f2d4,sức khỏe tinh thần,Have A Sip,TS. Nguyễn Mạnh Hùng: Giỏi mà không giàu thì không ai tin - Have A Sip #250,https://anchor.fm/s/103273a04/podcast/play/117221367/https%3A%2F%2Fd3ctxlq1ktw2nl.cloudfront.net%2Fstaging%2F2026-2-20%2F420424075-44100-2-2ef03807e4a1.m4a
apple_c523c18d,sức khỏe tinh thần,Have A Sip,Hoàng Hối Hận: Cuộc sống hiện tại đang quá dư thừa kết nối - Have A Sip #249,https://anchor.fm/s/103273a04/podcast/play/116856592/https%3A%2F%2Fd3ctxlq1ktw2nl.cloudfront.net%2Fstaging%2F2026-2-13%2F419925640-44100-2-c74a758cba0c3.m4a
apple_30b082bc,sức khỏe tinh thần,Have A Sip,"Nhà báo, Doanh nhân Nguyễn Lan Anh: Đừng cố gắng chứng tỏ bản thân trong bất kỳ giai đoạn nào - Have A Sip #248",https://anchor.fm/s/103273a04/podcast/play/116487271/https%3A%2F%2Fd3ctxlq1ktw2nl.cloudfront.net%2Fstaging%2F2026-2-6%2F419419186-44100-2-66c93ea08693d.m4a
apple_dea89ae2,sức khỏe tinh thần,Cà Phê Khởi Nghiệp Cùng Tùng Bê Tê - Không kịch bản,#411 LÝ DO TÙNG BT CHẤN THƯƠNG KHỚP VAI - ÁP LỰC,https://www.buzzsprout.com/1712557/episodes/18768476-411-ly-do-tung-bt-ch-n-th-ng-kh-p-vai-ap-l-c.mp3
apple_60db36ac,sức khỏe tinh thần,Cà Phê Khởi Nghiệp Cùng Tùng Bê Tê - Không kịch bản,#410 NGÀY HÔM NAY CÓ THỂ HOÁ ĐIÊN VỚI CHỒNG!!!,https://www.buzzsprout.com/1712557/episodes/18603202-410-ngay-hom-nay-co-th-hoa-dien-v-i-ch-ng.mp3
apple_5e594128,sức khỏe tinh thần,Cà Phê Khởi Nghiệp Cùng Tùng Bê Tê - Không kịch bản,"#409 MÔ HÌNH SAI CÒN SỬA ĐƯỢC, CHỨ CHỌN SAI ĐỒNG ĐỘI LÀ... VẾT SẸO CẢ ĐỜI! 🚩",https://www.buzzsprout.com/1712557/episodes/18527207-409-mo-hinh-sai-con-s-a-d-c-ch-ch-n-sai-d-ng-d-i-la-v-t-s-o-c-d-i.mp3
apple_170a9cda,sức khỏe tinh thần,Cà Phê Khởi Nghiệp Cùng Tùng Bê Tê - Không kịch bản,#408 Cuối năm mệt quá? ĐI TRỐN ĐI!!,https://www.buzzsprout.com/1712557/episodes/18394422-408-cu-i-nam-m-t-qua-di-tr-n-di.mp3
apple_19bd5e35,sức khỏe tinh thần,Cà Phê Khởi Nghiệp Cùng Tùng Bê Tê - Không kịch bản,#407 Nỗ lực cuối - Bứt tốc về đích,https://www.buzzsprout.com/1712557/episodes/18312277-407-n-l-c-cu-i-b-t-t-c-v-dich.mp3
apple_59982a50,sức khỏe tinh thần,VOV - Sự kiện Bàn luận,Câu chuyện thời sự - Sai phạm về quan trắc môi trường – lỗ hổng quản lý gây hệ lụy to lớn,https://anchor.fm/s/8535a2c/podcast/play/118068629/https%3A%2F%2Fd3ctxlq1ktw2nl.cloudfront.net%2Fstaging%2F2026-3-7%2F852c867f-bb77-4a72-fb2e-cc160472eab6.mp3
apple_847edc8b,sức khỏe tinh thần,VOV - Sự kiện Bàn luận,Các vấn đề quốc tế - Ấn Độ bất ngờ tái nhập khẩu dầu từ Iran sau 7 năm - bước đi cần thận trọng,https://anchor.fm/s/8535a2c/podcast/play/118068599/https%3A%2F%2Fd3ctxlq1ktw2nl.cloudfront.net%2Fstaging%2F2026-3-7%2F6a4a2d9d-56d3-09a6-f27b-3c953badc8ae.mp3
apple_274b7bfc,sức khỏe tinh thần,VOV - Sự kiện Bàn luận,Chuyện đêm - Cụ bà Lê Thị Quyến – Chút hương xưa giữa lòng phố cũ,https://anchor.fm/s/8535a2c/podcast/play/118068567/https%3A%2F%2Fd3ctxlq1ktw2nl.cloudfront.net%2Fstaging%2F2026-3-7%2F2daa33d8-9dd0-350b-286a-cceb6efcd5b5.mp3
apple_3e24975f,sức khỏe tinh thần,VOV - Sự kiện Bàn luận,Tiêu điểm - Hướng tới chiến dịch 500 ngày đêm “trả lại tên” cho các anh hùng liệt sĩ,https://anchor.fm/s/8535a2c/podcast/play/118037331/https%3A%2F%2Fd3ctxlq1ktw2nl.cloudfront.net%2Fstaging%2F2026-3-6%2F6f988a55-f161-1ce6-7f94-66adfed4175f.mp3
apple_28ba9eff,sức khỏe tinh thần,VOV - Sự kiện Bàn luận,Xã hội chuyển động - Siết chặt kỷ luật an toàn lao động: Đừng để một giây lơ là đổi bằng cả mạng sống,https://anchor.fm/s/8535a2c/podcast/play/118037294/https%3A%2F%2Fd3ctxlq1ktw2nl.cloudfront.net%2Fstaging%2F2026-3-6%2Fa7c3970b-d900-08dd-b1da-15dd138fb214.mp3
apple_ac0082ff,sức khỏe tinh thần,Tây Du Ký Podcast,"TDK #19 - ""Người thật việc thật"": Tăng tốc sự nghiệp cùng chị Tina Đỗ",https://anchor.fm/s/376d87ec/podcast/play/57137958/https%3A%2F%2Fd3ctxlq1ktw2nl.cloudfront.net%2Fstaging%2F2022-8-5%2F27399816-02fd-e0ab-43f8-1dce0426b7d5.mp3
apple_83cffda6,sức khỏe tinh thần,Tây Du Ký Podcast,TDK #18 - Chuyện xin việc cùng Huyền,https://anchor.fm/s/376d87ec/podcast/play/52670841/https%3A%2F%2Fd3ctxlq1ktw2nl.cloudfront.net%2Fstaging%2F2022-4-27%2F2559bbfe-46af-d0fa-f7d5-8f4a0f9299ac.mp3
apple_3f10d438,sức khỏe tinh thần,Tây Du Ký Podcast,TDK #17 - Turning Red - Khi Áp Lực Đến Từ Tình Yêu,https://anchor.fm/s/376d87ec/podcast/play/52106036/https%3A%2F%2Fd3ctxlq1ktw2nl.cloudfront.net%2Fstaging%2F2022-4-17%2F38934fd7-1905-1de7-bc23-bc08c3f9440d.mp3
apple_bd5c4a79,sức khỏe tinh thần,Tây Du Ký Podcast,"TDK #16 - ""Người thật việc thật"" 5: Chuyện du học nghề ở Đức cùng Khoa",https://anchor.fm/s/376d87ec/podcast/play/51018353/https%3A%2F%2Fd3ctxlq1ktw2nl.cloudfront.net%2Fstaging%2F2022-3-24%2Fcaa02088-9f3c-bf18-96dd-dfd7fb969dc0.mp3
apple_18bfa7c0,sức khỏe tinh thần,Tây Du Ký Podcast,"TDK #15 - ""Người thật việc thật"" 4: Chuyện học ngoại ngữ cùng chị Linh",https://anchor.fm/s/376d87ec/podcast/play/50353199/https%3A%2F%2Fd3ctxlq1ktw2nl.cloudfront.net%2Fstaging%2F2022-3-9%2F20c7c2bc-2bb4-7150-da2e-c6d220550818.mp3
apple_a53295e9,sức khỏe tinh thần,Tương Cà,Ep. 8: Ai chữa lành tôi? - Tản mạn về chuyện chăm sóc sức khoẻ tinh thần.,https://anchor.fm/s/dac2bf84/podcast/play/70289006/https%3A%2F%2Fd3ctxlq1ktw2nl.cloudfront.net%2Fproduction%2Fexports%2Fdac2bf84%2F70289006%2F2853da053da7d650cde2ff9186bb7abd.m4a
apple_97952349,sức khỏe tinh thần,Tương Cà,"Ep. 7: Trưởng thành, trưởng thành nữa, trưởng thành mãi!",https://anchor.fm/s/dac2bf84/podcast/play/69209053/https%3A%2F%2Fd3ctxlq1ktw2nl.cloudfront.net%2Fproduction%2Fexports%2Fdac2bf84%2F69209053%2Fcda8c4f1e0d73738d1628b34a40b42ee.m4a
apple_3aa3ebf2,sức khỏe tinh thần,Tương Cà,"Ep. 6: Self-care và những cuộc ""đàm phán"" tình bạn",https://anchor.fm/s/dac2bf84/podcast/play/68477183/https%3A%2F%2Fd3ctxlq1ktw2nl.cloudfront.net%2Fproduction%2Fexports%2Fdac2bf84%2F68477183%2F22cef4a8723d3898e38af45a581eb47f.m4a
apple_75a47a64,sức khỏe tinh thần,Tương Cà,Ep. 5: Sam sống vì cà phê còn Nghiêm trưởng thành nhờ pha cà phê. Khi sống nên để chỗ cho bất ngờ.,https://anchor.fm/s/dac2bf84/podcast/play/66627657/https%3A%2F%2Fd3ctxlq1ktw2nl.cloudfront.net%2Fproduction%2Fexports%2Fdac2bf84%2F66627657%2Fba3f9d33a240555150d511036f8cb5eb.m4a
apple_411ae9ff,sức khỏe tinh thần,Tương Cà,"Ep. 4: Khủng hoảng căn tính, chuyện đời du học và đam mê đi chợ ăn thạch dừa của Sam và Nghiêm",https://anchor.fm/s/dac2bf84/podcast/play/65700657/https%3A%2F%2Fd3ctxlq1ktw2nl.cloudfront.net%2Fproduction%2Fexports%2Fdac2bf84%2F65700657%2F89e68abde950e0f2b2328a3dee30289c.m4a
apple_6e256b67,sức khỏe tinh thần,The Blue Expat,Tạm biệt The Blue Expat podcast,https://sphinx.acast.com/p/open/s/647700fa9aab2f001135cb5f/e/https%3A%2F%2Fapi.spreaker.com%2Fepisode%2F52011315/media.mp3
apple_2783e28b,sức khỏe tinh thần,The Blue Expat,(Phần 2) Giải đáp hiểu lầm về bệnh tâm lý và sức khỏe tinh thần của Du học sinh cùng Thu Anh [Series Nước Đức],https://sphinx.acast.com/p/open/s/647700fa9aab2f001135cb5f/e/fe753927-717a-4b38-92d3-4afdace4b370/media.mp3
apple_d7776c37,sức khỏe tinh thần,The Blue Expat,(Phần 1) Môi trường sống và tác động tới sức khỏe tâm lý với Thu Anh Trần [Series Nước Đức],https://sphinx.acast.com/p/open/s/647700fa9aab2f001135cb5f/e/069b63b6-25a8-4271-92ed-b43ca17b97fc/media.mp3
apple_3bffdb61,sức khỏe tinh thần,The Blue Expat,(Phần 2) Văn hóa của người Đức và cuộc sống ở nước ngoài với Tây Du Ký podcast [Series Nước Đức],https://sphinx.acast.com/p/open/s/647700fa9aab2f001135cb5f/e/4528674e-e3c3-48c7-8d37-8290e6d4493a/media.mp3
apple_822ebab4,sức khỏe tinh thần,The Blue Expat,(Phần 1) Tây Du Ký - Podcast sinh ra trong mùa dịch của HSV Hannover [Series Nước Đức],https://sphinx.acast.com/p/open/s/647700fa9aab2f001135cb5f/e/95044257-5ce4-4de4-ada6-862f1cf8719f/media.mp3
apple_62dadc0f,sức khỏe tinh thần,Nấm Nành,"Thiên vị, thách thức cho sự công bằng / Chuỗi podcast về bản chất con người",https://anchor.fm/s/6171030c/podcast/play/69537821/https%3A%2F%2Fd3ctxlq1ktw2nl.cloudfront.net%2Fstaging%2F2023-3-30%2F326829079-44100-2-febcc12f7ba54.m4a
apple_a33acee6,sức khỏe tinh thần,Nấm Nành,"Lòng tham, hiểu để tránh mù quáng / Chuỗiopodcast về bản chất con người",https://anchor.fm/s/6171030c/podcast/play/69091431/https%3A%2F%2Fd3ctxlq1ktw2nl.cloudfront.net%2Fstaging%2F2023-3-22%2F325390923-44100-2-690ce9439b25c.m4a
apple_5d0f7bdb,sức khỏe tinh thần,Nấm Nành,"Tò mò, tọc mạch tốt hay xấu? - Chuỗi podcast về bản chất con người",https://anchor.fm/s/6171030c/podcast/play/68587949/https%3A%2F%2Fd3ctxlq1ktw2nl.cloudfront.net%2Fstaging%2F2023-3-14%2F323859893-44100-2-235fd6779c113.m4a
apple_c33e92db,sức khỏe tinh thần,Nấm Nành,Ích kỷ có đáng bị lên án? - Chuỗi podcast về bản chất con người,https://anchor.fm/s/6171030c/podcast/play/68077820/https%3A%2F%2Fd3ctxlq1ktw2nl.cloudfront.net%2Fstaging%2F2023-3-8%2F322819382-44100-2-e6282e598847e.m4a
apple_29048857,sức khỏe tinh thần,Nấm Nành,Gốc rễ khiến bạn lười biếng - Chuỗi podcast về bản chất con người,https://anchor.fm/s/6171030c/podcast/play/67581734/https%3A%2F%2Fd3ctxlq1ktw2nl.cloudfront.net%2Fstaging%2F2023-2-30%2F321154126-44100-2-ab4d1197f82e9.m4a
apple_a0d01b65,sức khỏe tinh thần,Tâm lý học và Tôi,Inside PsyMe - Tập 6 | Nhật Huy: Coi sở thích như nhạc cụ và tạo nên bản hòa âm của mình,https://anchor.fm/s/e6962bd4/podcast/play/117111754/https%3A%2F%2Fd3ctxlq1ktw2nl.cloudfront.net%2Fstaging%2F2026-2-18%2F777a017e-2a75-ca56-6806-afb97073d732.mp3
apple_088fe969,sức khỏe tinh thần,Tâm lý học và Tôi,Inside PsyMe - Tập 5 | Thanh Vân: Học Tâm lý là hành trình hiểu mình thay vì chữa người,https://anchor.fm/s/e6962bd4/podcast/play/116119819/https%3A%2F%2Fd3ctxlq1ktw2nl.cloudfront.net%2Fstaging%2F2026-1-27%2F764ac597-a799-1b6d-5b7f-2ad8031ca5a0.mp3
apple_bde657ba,sức khỏe tinh thần,Tâm lý học và Tôi,Điều tôi học được từ những đứa trẻ trưởng thành quá sớm | ĐTHĐ #5,https://anchor.fm/s/e6962bd4/podcast/play/115828718/https%3A%2F%2Fd3ctxlq1ktw2nl.cloudfront.net%2Fstaging%2F2026-1-21%2F16a06454-8e84-066f-4399-7aa19e67a9fc.mp3
apple_39536c92,sức khỏe tinh thần,Tâm lý học và Tôi,✈️ Đi Mỹ học Tiến sĩ Tâm lý - Chuyện của Khoa Lê | PsyAbroad - Tập 4 |,https://anchor.fm/s/e6962bd4/podcast/play/115828616/https%3A%2F%2Fd3ctxlq1ktw2nl.cloudfront.net%2Fstaging%2F2026-1-21%2F56237c96-0063-3401-e6e9-65c0ef57976f.mp3
apple_0059355e,sức khỏe tinh thần,Tâm lý học và Tôi,11. Tại sao mình loay hoay cả ngày mà chẳng xong việc vậy nhỉ? | PsyRead ,https://anchor.fm/s/e6962bd4/podcast/play/115828541/https%3A%2F%2Fd3ctxlq1ktw2nl.cloudfront.net%2Fstaging%2F2026-1-21%2Fa828767d-f55c-c6ba-3875-2c1f7c15e592.mp3
apple_4cad6b17,sức khỏe tinh thần,Sự việc & Góc nhìn,"Xóa bỏ cát cứ dữ liệu, người dân, doanh nghiệp chỉ nộp giấy tờ một lần, dùng nhiều lần",https://anchor.fm/s/23ae4638/podcast/play/118015298/https%3A%2F%2Fd3ctxlq1ktw2nl.cloudfront.net%2Fstaging%2F2026-3-6%2F053acdb9-ecef-24b7-29b2-6d577761d40c.mp3
apple_ebf813f2,sức khỏe tinh thần,Sự việc & Góc nhìn,Khi quyết tâm cần đi đôi với cởi trói,https://anchor.fm/s/23ae4638/podcast/play/117895578/https%3A%2F%2Fd3ctxlq1ktw2nl.cloudfront.net%2Fstaging%2F2026-3-3%2F9945d9d2-3f83-2117-6eac-79d252364a0a.mp3
apple_51f2b4a6,sức khỏe tinh thần,Sự việc & Góc nhìn,"Thực phẩm bẩn tuồn vào trường học, cần chặn từ gốc",https://anchor.fm/s/23ae4638/podcast/play/117850305/https%3A%2F%2Fd3ctxlq1ktw2nl.cloudfront.net%2Fstaging%2F2026-3-2%2Fbd4b0afc-df2f-173d-c844-02c83b1529a4.mp3
apple_4697ad12,sức khỏe tinh thần,Sự việc & Góc nhìn,Vì sao “xe điên” ngày càng nhiều?,https://anchor.fm/s/23ae4638/podcast/play/117796875/https%3A%2F%2Fd3ctxlq1ktw2nl.cloudfront.net%2Fstaging%2F2026-3-1%2Fb5f003b1-cef0-0346-0d68-2c509ae17d77.mp3
apple_69e17b71,sức khỏe tinh thần,Sự việc & Góc nhìn,Mức kỷ luật viên chức có thể giảm nhẹ nếu tự nhận lỗi,https://anchor.fm/s/23ae4638/podcast/play/117662454/https%3A%2F%2Fd3ctxlq1ktw2nl.cloudfront.net%2Fstaging%2F2026-2-30%2Ff8a6c76b-b1d8-2918-a835-a681472a7c06.mp3
apple_504179a8,sức khỏe tinh thần,CÁ ĐỘ BÓNG ĐÁ-cadobongda2.co,Khai thác thông tin mạng xã hội để cá độ bóng đá hiệu quả,https://anchor.fm/s/106c5d6e8/podcast/play/104856527/https%3A%2F%2Fd3ctxlq1ktw2nl.cloudfront.net%2Fstaging%2F2025-5-30%2F73fe49cb-2f54-0679-6ae7-a163b3af7b3b.mp3
apple_fd53d81e,sức khỏe tinh thần,CÁ ĐỘ BÓNG ĐÁ-cadobongda2.co,Cân bằng sức khỏe tinh thần khi tham gia cá độ bóng đá lâu dài,https://anchor.fm/s/106c5d6e8/podcast/play/104856473/https%3A%2F%2Fd3ctxlq1ktw2nl.cloudfront.net%2Fstaging%2F2025-5-30%2Fb655b2a2-5010-8333-80ff-6238eab54728.mp3
apple_b51c0690,sức khỏe tinh thần,CÁ ĐỘ BÓNG ĐÁ-cadobongda2.co,Cách chọn trận đấu để cá độ bóng đá: Tiêu chí đánh giá chuẩn xác,https://anchor.fm/s/106c5d6e8/podcast/play/104856419/https%3A%2F%2Fd3ctxlq1ktw2nl.cloudfront.net%2Fstaging%2F2025-5-30%2F4466836a-9c20-9dde-7587-a5d6cc0d31a4.mp3
apple_a39d2bf7,sức khỏe tinh thần,CÁ ĐỘ BÓNG ĐÁ-cadobongda2.co,Phụ nữ và cá độ bóng đá: Góc nhìn và chiến thuật dành riêng cho phái đẹp,https://anchor.fm/s/106c5d6e8/podcast/play/104856350/https%3A%2F%2Fd3ctxlq1ktw2nl.cloudfront.net%2Fstaging%2F2025-5-30%2Fc33d10e2-9560-352e-bd2b-1e318cf4cf09.mp3
apple_f0b57cd7,sức khỏe tinh thần,CÁ ĐỘ BÓNG ĐÁ-cadobongda2.co,Cá độ bóng đá ảo và E-sports: Xu hướng mới cho người chơi hiện đại,https://anchor.fm/s/106c5d6e8/podcast/play/104856098/https%3A%2F%2Fd3ctxlq1ktw2nl.cloudfront.net%2Fstaging%2F2025-5-30%2Fe5c1ca64-b07e-0757-9b95-7763e62b52fa.mp3
apple_0e5b3437,sức khỏe tinh thần,Nguyễn Phi Vân's Podcast,PHƯƠNG PHÁP 4L ĐỂ PHÁT TRIỂN BẢN THÂN HIỆU QUẢ & BỀN VỮNG,https://anchor.fm/s/659baab8/podcast/play/116683589/https%3A%2F%2Fd3ctxlq1ktw2nl.cloudfront.net%2Fstaging%2F2026-2-10%2F03f8754e-209b-ad4e-98c5-ad708473d9f3.mp3
apple_7805a608,sức khỏe tinh thần,Nguyễn Phi Vân's Podcast,Làm thế nào để có thể có việc làm dài hạn?,https://anchor.fm/s/659baab8/podcast/play/116610150/https%3A%2F%2Fd3ctxlq1ktw2nl.cloudfront.net%2Fstaging%2F2026-2-9%2Fbc6fde38-71ab-23a6-f137-fa09c95c683e.mp3
apple_35fa1eee,sức khỏe tinh thần,Nguyễn Phi Vân's Podcast,TÁI ĐỊNH VỊ NĂM BÍNH NGỌ ,https://anchor.fm/s/659baab8/podcast/play/116527511/https%3A%2F%2Fd3ctxlq1ktw2nl.cloudfront.net%2Fstaging%2F2026-2-7%2Fe43015fc-67e3-b1d6-c532-59d8d9740a23.mp3
apple_923e5861,sức khỏe tinh thần,Nguyễn Phi Vân's Podcast,BẠN ĐANG Ở ĐÂU TRÊN ĐƯỜNG ĐI CỦA AI VÀ NGUY CƠ ĐỐI MẶT VỚI SỰ THAY THẾ? ,https://anchor.fm/s/659baab8/podcast/play/116526788/https%3A%2F%2Fd3ctxlq1ktw2nl.cloudfront.net%2Fstaging%2F2026-2-7%2F14a7614c-28c0-5b00-bd0c-9f4f7539c8bf.mp3
apple_c9fa66e3,sức khỏe tinh thần,Nguyễn Phi Vân's Podcast,Em đang bế tắc giữa 2 lựa chọn,https://anchor.fm/s/659baab8/podcast/play/97568880/https%3A%2F%2Fd3ctxlq1ktw2nl.cloudfront.net%2Fstaging%2F2025-0-26%2Ff2ec139a-1857-f292-4931-c0051f10df31.mp3
apple_ba317043,sức khỏe tinh thần,Học cách Yêu,#4: Tản mạn học cách yêu I Học cách yêu,https://anchor.fm/s/656392f4/podcast/play/38912149/https%3A%2F%2Fd3ctxlq1ktw2nl.cloudfront.net%2Fstaging%2F2021-08-17%2Fcf92ad39a2757afcb85aca21cc2db349.m4a
apple_36ea71c8,sức khỏe tinh thần,Học cách Yêu,# 3: Hoài niệm I Học cách yêu ,https://anchor.fm/s/656392f4/podcast/play/38552100/https%3A%2F%2Fd3ctxlq1ktw2nl.cloudfront.net%2Fstaging%2F2021-08-10%2F34b0f8f1b0579e0e85f1082163935b44.m4a
apple_2b49b11b,sức khỏe tinh thần,Học cách Yêu,#2: 12 Gợi ý chăm sóc sức khỏe mùa dịch I Học cách Yêu,https://anchor.fm/s/656392f4/podcast/play/38165857/https%3A%2F%2Fd3ctxlq1ktw2nl.cloudfront.net%2Fstaging%2F2021-08-02%2F6edd3260f990cd49c3b0db1161d2ac29.m4a
apple_e7c9a453,sức khỏe tinh thần,Học cách Yêu,#1: Sức khỏe tinh thần mùa Cov I Học cách Yêu,https://anchor.fm/s/656392f4/podcast/play/37893118/https%3A%2F%2Fd3ctxlq1ktw2nl.cloudfront.net%2Fstaging%2F2021-6-27%2F208346773-44100-2-784005fb8afc4.m4a
apple_1dcf735c,sức khỏe tinh thần,Teayou Podcast,Ep 33: Kiên định với hành trình sáng tạo mà bạn đã lựa chọn cùng chị @hachu.works,https://anchor.fm/s/113808a4/podcast/play/38763876/https%3A%2F%2Fd3ctxlq1ktw2nl.cloudfront.net%2Fstaging%2F2021-7-14%2F4cc74ff8-a291-082c-4b65-7868225b64d4.mp3
apple_fcffaa10,sức khỏe tinh thần,Teayou Podcast,Ep 32: Tâm sự kết thúc mùa 2 và kế hoạch podcast tiếp theo {Solo Podcast},https://anchor.fm/s/113808a4/podcast/play/38424925/https%3A%2F%2Fd3ctxlq1ktw2nl.cloudfront.net%2Fstaging%2F2021-7-7%2Fb60affef-fe43-755f-cdd8-eeae65dca5a4.mp3
apple_bec812bf,sức khỏe tinh thần,Teayou Podcast,"Ep 31: Học ""không giỏi"" thì phải làm sao? - cùng chủ nhân Insta @tealiciousxo",https://anchor.fm/s/113808a4/podcast/play/38092098/https%3A%2F%2Fd3ctxlq1ktw2nl.cloudfront.net%2Fstaging%2F2021-6-31%2Fe8671591-c24c-6b3f-aed0-e89cba0eb631.mp3
apple_5c501ec8,sức khỏe tinh thần,Teayou Podcast,"Ep 30: Trở thành người chơi ""hệ năng suất"" cùng chàng trai công nghệ @tuanmon",https://anchor.fm/s/113808a4/podcast/play/37748337/https%3A%2F%2Fd3ctxlq1ktw2nl.cloudfront.net%2Fstaging%2F2021-6-24%2Fbb106778-b49f-9c06-4d6a-e2efa07aacbc.mp3
apple_54782edc,sức khỏe tinh thần,Teayou Podcast,Ep 29: Nuôi dưỡng tình yêu với việc đọc sách cùng booktube @Hà Khuất,https://anchor.fm/s/113808a4/podcast/play/37538199/https%3A%2F%2Fd3ctxlq1ktw2nl.cloudfront.net%2Fstaging%2F2021-6-20%2Fb4416b0e-f2b7-f4b1-8aa3-1b76599eaa3f.mp3
apple_4f0c232c,kỹ năng sống,vodanhtran,Phải chăng yêu thương là tôn trọng và chấp nhận sự khác biệt?,https://anchor.fm/s/65de9f58/podcast/play/80092566/https%3A%2F%2Fd3ctxlq1ktw2nl.cloudfront.net%2Fstaging%2F2023-11-16%2F360161560-44100-2-715d534dc0cc5.m4a
apple_30f5330e,kỹ năng sống,vodanhtran,Hi sinh phải chăng là nguồn sức mạnh tinh thần to lớn để ta sống và hành động?,https://anchor.fm/s/65de9f58/podcast/play/38313317/https%3A%2F%2Fd3ctxlq1ktw2nl.cloudfront.net%2Fstaging%2F2021-7-5%2F210297553-44100-2-37e1a97f1923b.m4a
apple_62b9d118,kỹ năng sống,vodanhtran,"Người trẻ cần can đảm, dám sống dấn thân. ",https://anchor.fm/s/65de9f58/podcast/play/38313276/https%3A%2F%2Fd3ctxlq1ktw2nl.cloudfront.net%2Fstaging%2F2021-7-5%2F210297705-44100-2-1029843f735d1.m4a
apple_d3ee25b0,kỹ năng sống,vodanhtran,Sự cần thiết của một kỹ năng sống còn trong thời đại mới: kỹ năng thích ứng với sự thay đổi.,https://anchor.fm/s/65de9f58/podcast/play/38313203/https%3A%2F%2Fd3ctxlq1ktw2nl.cloudfront.net%2Fstaging%2F2021-7-5%2F210297797-44100-2-58bd906513073.m4a
apple_776e1508,kỹ năng sống,vodanhtran,Im lặng trước cái sai này tạo điều kiện xuất hiện và phát triển cho những cái sai khác.,https://anchor.fm/s/65de9f58/podcast/play/38263334/https%3A%2F%2Fd3ctxlq1ktw2nl.cloudfront.net%2Fstaging%2F2021-7-4%2F210070590-44100-2-a1a1b466cc483.m4a
apple_5833a199,kỹ năng sống,OMBook Audio - Đọc sách giùm bạn,#1 Gỡ mối tơ vò: Từ hỗn loạn đến rõ ràng | Làm chủ Tâm trí | OMBook Audio,https://anchor.fm/s/1054c9b08/podcast/play/105295805/https%3A%2F%2Fd3ctxlq1ktw2nl.cloudfront.net%2Fstaging%2F2025-6-10%2F403648800-44100-2-fa10931adc4ab.m4a
apple_0c7b69f3,kỹ năng sống,OMBook Audio - Đọc sách giùm bạn,"#2 Suy nghĩ tích cực, thay đổi vận mệnh | Làm chủ Tâm trí | OMBook Audio",https://anchor.fm/s/1054c9b08/podcast/play/105295796/https%3A%2F%2Fd3ctxlq1ktw2nl.cloudfront.net%2Fstaging%2F2025-6-10%2F403648787-44100-2-e3cef7441b57.m4a
apple_d67c987f,kỹ năng sống,OMBook Audio - Đọc sách giùm bạn,#3 Tinh thần lạc quan mang lại thành công | Làm chủ Tâm trí | OMBook Audio,https://anchor.fm/s/1054c9b08/podcast/play/105295782/https%3A%2F%2Fd3ctxlq1ktw2nl.cloudfront.net%2Fstaging%2F2025-6-10%2F403648769-44100-2-d37e50cc6785d.m4a
apple_08a38ec1,kỹ năng sống,OMBook Audio - Đọc sách giùm bạn,#4 Giải độc tâm trí | Làm chủ Tâm trí | OMBook Audio,https://anchor.fm/s/1054c9b08/podcast/play/105295769/https%3A%2F%2Fd3ctxlq1ktw2nl.cloudfront.net%2Fstaging%2F2025-6-10%2F403648756-44100-2-c346d3fce45d6.m4a
apple_4821a05e,kỹ năng sống,OMBook Audio - Đọc sách giùm bạn,"#5 Tâm trí bình an, hạnh phúc và hài lòng | Làm chủ Tâm trí | OMBook Audio",https://anchor.fm/s/1054c9b08/podcast/play/105295751/https%3A%2F%2Fd3ctxlq1ktw2nl.cloudfront.net%2Fstaging%2F2025-6-10%2F403648736-44100-2-f8b46fec9cf57.m4a
apple_cd6c216e,kỹ năng sống,SBS Vietnamese - SBS Việt ngữ,Who's profiting from your outrage? - SBS Examines: Ai hưởng lợi từ sự phẫn nộ của bạn?,https://sbs-podcast.streamguys1.com/sbs-Vietnamese/20260407001231-vietnamese-060426-sbs-examines-rage-bait-podcast.mp3?awCollectionId=sbs-vietnamese&awGenre=News&awEpisodeId=0000019d-6307-d622-a7bf-634727dd0000&dur_cat=3
apple_c7ab188a,kỹ năng sống,SBS Vietnamese - SBS Việt ngữ,Bản tin tối 06-04-2026,https://sbs-podcast.streamguys1.com/sbs-Vietnamese/20260406192304-vietnamese-06b50751-7d6b-40dd-9558-cac9c0fbdf66.mp3?awCollectionId=sbs-vietnamese&awGenre=News&awEpisodeId=0000019d-6216-dba1-ab9f-663f355d0000&dur_cat=3
apple_4c2d0d4b,kỹ năng sống,SBS Vietnamese - SBS Việt ngữ,Trả đũa? Iran cảnh báo Trump về mối đe dọa ở eo biển Hormuz,https://sbs-podcast.streamguys1.com/sbs-Vietnamese/20260406171947-vietnamese-a84fcced-6b08-4030-8093-95cb67daefce.mp3?awCollectionId=sbs-vietnamese&awGenre=News&awEpisodeId=0000019d-61a3-da1c-a7bf-73effdca0000&dur_cat=3
apple_014fb0cf,kỹ năng sống,SBS Vietnamese - SBS Việt ngữ,Các tổ chức từ thiện đang chịu áp lực lớn trong dịp lễ Phục Sinh do giá nhiên liệu tăng cao,https://sbs-podcast.streamguys1.com/sbs-Vietnamese/20260406171258-vietnamese-8d22c28a-0083-4c35-93fd-6f906689732f.mp3?awCollectionId=sbs-vietnamese&awGenre=News&awEpisodeId=0000019d-619d-dd17-ab9f-71bdb8810003&dur_cat=2
apple_98710e6c,kỹ năng sống,SBS Vietnamese - SBS Việt ngữ,Chính phủ công bố các quy định hạn chế quảng cáo cờ bạc. Liệu các quy định này đã đủ mạnh?,https://sbs-podcast.streamguys1.com/sbs-Vietnamese/20260406170605-vietnamese-e98c3791-94cd-413e-9a53-15c1cf0a0c68.mp3?awCollectionId=sbs-vietnamese&awGenre=News&awEpisodeId=0000019d-6195-d9b0-a9fd-7195ac000000&dur_cat=2
apple_a144166d,kỹ năng sống,SỐNG ++,Hà Nội sống và yêu: Hương hoa trong lòng đêm Hà Nội,https://anchor.fm/s/3022a5a8/podcast/play/117894382/https%3A%2F%2Fd3ctxlq1ktw2nl.cloudfront.net%2Fstaging%2F2026-3-3%2F177b127a-d094-94ec-2796-11ed72e74f8a.mp3
apple_1e561269,kỹ năng sống,SỐNG ++,Bộ hành qua phố: Chuyện về ngôi nhà đón Bác trước ngày Độc lập,https://anchor.fm/s/3022a5a8/podcast/play/117799689/https%3A%2F%2Fd3ctxlq1ktw2nl.cloudfront.net%2Fstaging%2F2026-3-1%2F280e26b8-5d31-d652-62fa-a676ad0568ad.mp3
apple_37642eda,kỹ năng sống,SỐNG ++,"Sài Gòn sống và yêu: Một góc phố, một thời tuổi trẻ còn ở lại",https://anchor.fm/s/3022a5a8/podcast/play/117718010/https%3A%2F%2Fd3ctxlq1ktw2nl.cloudfront.net%2Fstaging%2F2026-2-31%2Fae9ffc11-7c53-deed-cd96-7a08ab61e486.mp3
apple_c84d6ec4,kỹ năng sống,SỐNG ++,Biến rác thành hoa,https://anchor.fm/s/3022a5a8/podcast/play/117666974/https%3A%2F%2Fd3ctxlq1ktw2nl.cloudfront.net%2Fstaging%2F2026-2-30%2F94a4a21f-923f-5b39-24ff-abfe28e01c18.mp3
apple_9230e636,kỹ năng sống,SỐNG ++,Giờ Trái đất - Lời nhắc giữa áp lực năng lượng,https://anchor.fm/s/3022a5a8/podcast/play/117666506/https%3A%2F%2Fd3ctxlq1ktw2nl.cloudfront.net%2Fstaging%2F2026-2-30%2Fc6824334-fa65-2d64-7346-909cba63d60c.mp3
apple_fb2307f1,kỹ năng sống,SỐNG ++,Hà Nội sống và yêu: Hương hoa trong lòng đêm Hà Nội,https://anchor.fm/s/3022a5a8/podcast/play/117894382/https%3A%2F%2Fd3ctxlq1ktw2nl.cloudfront.net%2Fstaging%2F2026-3-3%2F177b127a-d094-94ec-2796-11ed72e74f8a.mp3
apple_b2ef113b,kỹ năng sống,SỐNG ++,Bộ hành qua phố: Chuyện về ngôi nhà đón Bác trước ngày Độc lập,https://anchor.fm/s/3022a5a8/podcast/play/117799689/https%3A%2F%2Fd3ctxlq1ktw2nl.cloudfront.net%2Fstaging%2F2026-3-1%2F280e26b8-5d31-d652-62fa-a676ad0568ad.mp3
apple_af20a0ea,kỹ năng sống,SỐNG ++,"Sài Gòn sống và yêu: Một góc phố, một thời tuổi trẻ còn ở lại",https://anchor.fm/s/3022a5a8/podcast/play/117718010/https%3A%2F%2Fd3ctxlq1ktw2nl.cloudfront.net%2Fstaging%2F2026-2-31%2Fae9ffc11-7c53-deed-cd96-7a08ab61e486.mp3
apple_023d10e8,kỹ năng sống,SỐNG ++,Biến rác thành hoa,https://anchor.fm/s/3022a5a8/podcast/play/117666974/https%3A%2F%2Fd3ctxlq1ktw2nl.cloudfront.net%2Fstaging%2F2026-2-30%2F94a4a21f-923f-5b39-24ff-abfe28e01c18.mp3
apple_8abb67e3,kỹ năng sống,SỐNG ++,Giờ Trái đất - Lời nhắc giữa áp lực năng lượng,https://anchor.fm/s/3022a5a8/podcast/play/117666506/https%3A%2F%2Fd3ctxlq1ktw2nl.cloudfront.net%2Fstaging%2F2026-2-30%2Fc6824334-fa65-2d64-7346-909cba63d60c.mp3
apple_3c05dd32,kỹ năng sống,Độc Đáo TV Podcast - Con đường kinh doanh và xây dựng thương hiệu - Waves,Warren Buffett Tiếp Tục Bán Cổ Phiếu Của Nhiều Ngân Hàng Lớn | TIN NÓNG KINH DOANH,https://pinecast.com/listen/678d397a-345a-4ead-8b75-0fe8fcad31c9.mp3?source=rss&ext=asset.mp3
apple_177b85c9,kỹ năng sống,Độc Đáo TV Podcast - Con đường kinh doanh và xây dựng thương hiệu - Waves,"Vsmart, Realme & Sự Trỗi Dậy Của Những Tên Tuổi Mới Chịu Chơi Trong Cuộc Chiến Phá Giá Cấu Hình",https://pinecast.com/listen/624b4e40-1990-4d19-89d7-5a8479114e8a.mp3?source=rss&ext=asset.mp3
apple_6b304760,kỹ năng sống,Độc Đáo TV Podcast - Con đường kinh doanh và xây dựng thương hiệu - Waves,Vsmart Live & Những Smartphone Cùng Sử Dụng Chip Qualcomm Snapdragon 675 Với Bphone 86,https://pinecast.com/listen/4404e296-9163-491c-93bb-53bf3a462808.mp3?source=rss&ext=asset.mp3
apple_169e3b40,kỹ năng sống,Độc Đáo TV Podcast - Con đường kinh doanh và xây dựng thương hiệu - Waves,Vốn Lưu Động (Working Capital) Thực Chất Là Gì? | KIẾN THỨC KINH TẾ CƠ BẢN [23],https://pinecast.com/listen/963cbc81-ad3e-424b-b4bc-1ded00b0ba60.mp3?source=rss&ext=asset.mp3
apple_7321a5e1,kỹ năng sống,Độc Đáo TV Podcast - Con đường kinh doanh và xây dựng thương hiệu - Waves,"Vingroup, Vietcombank, BIDV, Vietinbank Tăng Mạnh Thứ Hạng Trong Top 2000 Công Ty Lớn Nhất Thế Giới",https://pinecast.com/listen/987e6688-606b-42ab-9241-88df5902f7b8.mp3?source=rss&ext=asset.mp3
apple_b27a2b76,kỹ năng sống,NHI LE,Bí quyết giúp con KHÔNG CÒN NHÚT NHÁT khi đi học | Q&A DC #37,https://anchor.fm/s/69ead030/podcast/play/96279822/https%3A%2F%2Fd3ctxlq1ktw2nl.cloudfront.net%2Fstaging%2F2024-11-26%2F6b586f8f-9e1c-287f-1e9a-2a7c5d263801.mp3
apple_cf1e5b24,kỹ năng sống,NHI LE,Làm sao NHẬN BIẾT được mình cần học gì? | Q&A PTBT #145,https://anchor.fm/s/69ead030/podcast/play/96279759/https%3A%2F%2Fd3ctxlq1ktw2nl.cloudfront.net%2Fstaging%2F2024-11-26%2F011117a5-a9a2-58ce-59c0-fd79aa51df92.mp3
